<?xml version="1.0" encoding="UTF-8"?>
<project-private xmlns="http://www.netbeans.org/ns/project-private/1">
    <editor-bookmarks xmlns="http://www.netbeans.org/ns/editor-bookmarks/2" lastBookmarkId="0"/>
    <open-files xmlns="http://www.netbeans.org/ns/projectui-open-files/2">
        <group>
            <file>file:/C:/Users/konim/OneDrive/Documents/NetBeansProjects/POE%201/src/poe/pkg1/CheckUserName.java</file>
            <file>file:/C:/Users/konim/OneDrive/Documents/NetBeansProjects/POE%201/src/poe/pkg1/Task.java</file>
            <file>file:/C:/Users/konim/OneDrive/Documents/NetBeansProjects/POE%201/test/poe/pkg1/TaskTest.java</file>
            <file>file:/C:/Users/konim/OneDrive/Documents/NetBeansProjects/POE%201/src/poe/pkg1/loginClass.java</file>
            <file>file:/C:/Users/konim/OneDrive/Documents/NetBeansProjects/POE%201/src/poe/pkg1/Main.java</file>
        </group>
    </open-files>
</project-private>
